metal,extractant,extractant_family,pH_range_min,pH_range_max,tested_feed_concentrations,waste_source,cathode_chemistry,is_synthetic,best_source_doi,best_source_location,best_extractant_concentration,best_diluent,best_modifier,best_initial_pH,best_equilibrium_pH,best_phase_ratio_OA,best_temperature_C,best_contact_time_min,best_distribution_ratio_D,best_extraction_efficiency_pctE
Co,Cyanex 272,,N.R.,N.R.,16200 mg/L,Spent LIB leachate (NMC-associated),NMC,False,10.3390/met12091445,"Table 3, CoSX raffinate",0.8 mol/L,Exxsol D80,"tris(2,4,4-trimethylpentyl)phosphine oxide (10-15%)",N.R.,N.R.,2.5:1,21,5.7,N.R.,99.8
Co,Cyanex 272 (30% saponified),Cyanex 272 (saponified),4.5,6.0,1869 mg/L,Smelted metallic alloy from spent LIBs,unspecified,True,10.5277/ppmp/193742,"Table 2, stage 2",0.3 mol/L,kerosene,N.R.,6,5.82,1:1,25,N.R.,N.R.,99.9
Co,Cyanex272 (sodium salt),Cyanex 272 (saponified),N.R.,N.R.,none reported,Spent LIB leachate (NMC-family/ternary cathode),NMC,False,10.3390/min13020285,"Section 3.3 and Table 5, Co extraction at extractant concentration 0.4 M",0.4 mol/L,kerosene,N.R.,N.R.,6.0,1:1,N.R.,15,10.14,N.R.
Co,D2EHPA (40-45% saponified),,N.R.,N.R.,9500 mg/L,Sulfidic mine tailings bioleaching (BHP),N/A,False,10.1021/acs.iecr.3c02612,"Section 3.4, Figure 5, stage 3",1 mol/L,GS190,N.R.,N.R.,2.7-3.0,1:1,25,N.R.,N.R.,20
Co,D2EHPA (sodium salt),D2EHPA (neutralized),N.R.,N.R.,3333 ppm,Spent LIB leachate (NMC-family/ternary cathode),NMC,False,10.3390/min13020285,"Table 3, pH 3.0",1.0 mol/L,kerosene,N.R.,N.R.,3.0,1:1,N.R.,15,0.4,N.R.
Co,P-507 (60% saponified),PC-88A (saponified),N.R.,N.R.,10.75 g/L,"Spent LIB cathode material (NMC), synthetic solution",NMC,True,10.3390/min10080662,Figure 12,20% v/v,heptane,ammonium thiocyanate,N.R.,N.R.,4:1,N.R.,N.R.,N.R.,99
Co,Versatic Acid 10,,N.R.,N.R.,none reported,Sulfidic mine tailings bioleaching (BHP),N/A,False,10.1021/acs.iecr.3c02612,"Section 3.6, Figure 8B",30 vol%,GS190,N.R.,N.R.,7.0,1:1,25,N.R.,N.R.,100
Cu,D2EHPA,,N.R.,N.R.,31.72 g/L,WEEE - printed circuit board leachate,N/A,False,10.1590/0104-6632.20180353s20170144,"Abstract, text, two-stage extraction of Cu",20% (v/v),kerosene,N.R.,N.R.,3.5,1:1,25,10,N.R.,100
Cu,D2EHPA (40-45% saponified),,N.R.,N.R.,10 mg/L,Sulfidic mine tailings bioleaching (BHP),N/A,False,10.1021/acs.iecr.3c02612,"Section 3.4, Figure 5, stage 3",1 mol/L,GS190,N.R.,N.R.,2.7-3.0,1:1,25,N.R.,N.R.,100
Cu,LIX 84-I,,3.0,3.0,0.23 g/L,Spent LIB leachate (unspecified chemistry),unspecified,False,10.3390/met12050882,Section 3.1 and Section 3.2.1,5% v/v,kerosene,N.R.,3,N.R.,1:1,N.R.,N.R.,80.8,>99
Cu,LIX 984,,1.74,1.74,2000 mg/L,Sulfidic mine tailings bioleaching (BHP),N/A,False,10.1021/acs.iecr.3c02612,"Section 3.3, Figure S11",20 vol%,petroleum ether,N.R.,1.74,1.55,N.R.,25,N.R.,N.R.,99.3
Li,Cyanex272 (sodium salt),Cyanex 272 (saponified),N.R.,N.R.,none reported,Spent LIB leachate (NMC-family/ternary cathode),NMC,False,10.3390/min13020285,"Table 6, extractant concentration 0.4 M",0.4 mol/L,kerosene,N.R.,N.R.,7.0,1:1,N.R.,15,0.0001,N.R.
Li,HA (70% saponified NaA),,8.5,11.0,1.803 g/L; 3.6 g/L,Spent LIB effluent (unspecified chemistry),unspecified,False,10.3390/met14030345,Figure 11,1 mol/L,sulfonated kerosene,N.R.,8.5,N.R.,1:1,25,30,N.R.,99.17
Li,HA (saponified NaA),,8.5,8.5,3.6 g/L,Spent LIB effluent (unspecified chemistry),unspecified,False,10.3390/met14030345,Figure 3b,1 mol/L,sulfonated kerosene,N.R.,8.5,N.R.,1:1,25,30,N.R.,70
Mn,Cyanex 272 (30% saponified),Cyanex 272 (saponified),6.0,6.0,258 mg/L,Smelted metallic alloy from spent LIBs,unspecified,True,10.5277/ppmp/193742,"Table 2, stage 2",0.3 mol/L,kerosene,N.R.,6,5.82,1:1,25,N.R.,N.R.,99.9
Mn,D2EHPA,,N.R.,N.R.,11.2 mmol/L; 2070 mg/L,Spent LIB leachate (NMC-associated),NMC,False,10.3390/met12091445,"Table 2, MnSX raffinate",0.8 mol/L,Exxsol D80,TBP (5 vol-%),N.R.,N.R.,0.8:1,21,4,N.R.,94.2
Mn,D2EHPA (40-45% saponified),,N.R.,N.R.,900 mg/L,Sulfidic mine tailings bioleaching (BHP),N/A,False,10.1021/acs.iecr.3c02612,"Section 3.4, Figure 5, stage 3",1 mol/L,GS190,N.R.,N.R.,2.7-3.0,1:1,25,N.R.,N.R.,100
Mn,D2EHPA (sodium salt),D2EHPA (neutralized),N.R.,N.R.,2965 ppm,Spent LIB leachate (NMC-family/ternary cathode),NMC,False,10.3390/min13020285,"Table 3, pH 3.0",1.0 mol/L,kerosene,N.R.,N.R.,3.0,1:1,N.R.,15,1184,N.R.
Ni,Cyanex 272 (30% saponified),Cyanex 272 (saponified),4.5,6.0,9258 mg/L,Smelted metallic alloy from spent LIBs,unspecified,True,10.5277/ppmp/193742,"Table 2, stage 2",0.3 mol/L,kerosene,N.R.,6,5.82,1:1,25,N.R.,N.R.,26.8
Ni,Cyanex272 (sodium salt),Cyanex 272 (saponified),N.R.,N.R.,none reported,Spent LIB leachate (NMC-family/ternary cathode),NMC,False,10.3390/min13020285,"Section 3.5 and Table 6, Ni extraction optimized conditions",0.4 mol/L,kerosene,N.R.,N.R.,7.0,1:1,N.R.,1,46.17,97.88
Ni,D2EHPA,,N.R.,N.R.,0.11 g/L; 1820 mg/L; 89.9 mmol/L,WEEE - printed circuit board leachate,N/A,False,10.1590/0104-6632.20180353s20170144,"Figure 2(c), pH 3.5",20% (v/v),kerosene,N.R.,N.R.,3.5,1:1,25,10,N.R.,10
Ni,D2EHPA (40-45% saponified),,N.R.,N.R.,5000 mg/L,Sulfidic mine tailings bioleaching (BHP),N/A,False,10.1021/acs.iecr.3c02612,"Section 3.4, Figure 5, stage 3",1 mol/L,GS190,N.R.,N.R.,2.7-3.0,1:1,25,N.R.,N.R.,5
Ni,D2EHPA (pre-neutralized),D2EHPA (neutralized),N.R.,N.R.,2000 mg/L,Spent LIB leachate (NMC-associated),NMC,False,10.3390/met12091445,"Table 4, NiSX raffinate",0.8 mol/L,Exxsol D80,TBP (5 vol-%),N.R.,N.R.,0.5:1,21,4,N.R.,98.1
Ni,P-507 (60% saponified),PC-88A (saponified),N.R.,N.R.,10.45 g/L,"Spent LIB cathode material (NMC), synthetic solution",NMC,True,10.3390/min10080662,Figure 12,20% v/v,heptane,ammonium thiocyanate,N.R.,N.R.,4:1,N.R.,N.R.,N.R.,95
Ni,Versatic Acid 10,,N.R.,N.R.,none reported,Sulfidic mine tailings bioleaching (BHP),N/A,False,10.1021/acs.iecr.3c02612,"Section 3.6, Figure 8A",40 vol%,GS190,N.R.,N.R.,7.0,1:1,25,N.R.,N.R.,100
